name,total_atoms,total_bonds,total_angles,total_dihedrals,total_atom_types,total_bond_types,total_angle_types,total_dihedral_types,C1,C2,C3,C4,O1,O2,O3,N1,H1,H2,H3,H4,H5,H6,H7,H8,F,Cl,S,Si,C3_N1,S_C2,C1_N1,C2_H4,Si_C1,S_C1,S_O1,O3_H5,C1_C1,O2_C1,C1_C3,C1_H8,C2_N1,N1_H6,C2_C2,C1_O3,Si_H1,C2_H3,C1_H2,C1_Cl,C1_H1,C2_O2,C1_C2,C2_O3,C1_F,Si_O3,C2_O1,Cl_C1_F,F_C1_F,C2_S_C2,C2_O2_C2,H3_C2_C2,C1_C1_C3,C1_C2_C1,H2_C1_H2,Si_C1_H1,O3_Si_H1,H6_N1_C1,H1_Si_C1,C1_N1_C2,O1_S_O1,N1_C2_O1,O3_Si_C1,C2_C1_H2,S_C2_C2,C1_C2_O1,H2_C1_Cl,C2_C1_H1,C1_C1_H8,O1_C2_O3,N1_C1_H2,Si_C1_C1,Cl_C1_H8,H1_C1_H1,C1_Si_C1,Si_O3_H5,O2_C1_H2,O3_C1_H2,H8_C1_F,H1_C1_C3,F_C1_C1,C1_C3_N1,H5_O3_C1,C1_C1_S,C2_C2_O1,C2_C2_C2,O1_C2_H4,H6_N1_H6,C2_C1_O3,C1_C2_N1,C2_C2_O3,H5_O3_C2,C1_S_C1,C1_C1_N1,O2_C2_C2,O1_S_C2,C1_C1_C1,C1_C1_H2,C1_C1_O2,H6_N1_C2,C1_C1_Cl,F_C1_H2,C2_C2_H4,C1_C2_O3,C2_O2_C1,O2_C2_C1,C1_C1_O3,S_C1_H2,C1_C2_H3,C1_C2_H4,N1_C1_C2,O1_C2_O2,C1_C2_C2,C1_C1_H1,C1_C1_C2,C2_C1_C2_H3,H3_C2_C2_O3,H6_N1_C2_O1,C2_H6_N1_H6,O3_C1_C1_H1,H2_C1_C1_O3,C2_C1_N1_H6,H4_C2_C1_H1,C1_O2_C2_C1,H6_N1_C1_H2,H1_C1_C1_Cl,H4_C2_C2_O1,H1_C1_C1_C3,C2_O2_C1_C1,C2_C2_O3_H5,H1_C1_C2_C1,Si_C1_C1_H1,H2_C1_C1_F,C2_O2_C2_C2,F_C1_C1_F,H2_C1_C1_H8,H5_O3_C1_C1,H2_C1_C1_C1,C1_C1_C1_C1,H3_C2_C2_C1,H2_C1_C1_H2,H2_C1_C2_O3,C1_C2_C2_C1,H1_C1_C2_O1,H2_C1_C2_O1,O1_S_C2_C2,O1_C2_O2_C1,C1_C1_N1_C2,H1_C1_C1_F,H1_C1_C1_C1,C1_N1_C2_O1,H1_C1_C1_C2,H2_C1_C1_H1,H1_Si_C1_H1,H4_C2_C1_N1,H1_C1_C3_N1,O1_C2_H4_C2,C2_O1_C2_O2,H3_C2_C2_C2,H2_C1_C2_H4,H1_C1_C2_O3,O1_C2_O3_H5,H1_C1_C2_N1,H1_C1_C2_O2,C1_O1_C2_O2,F_C1_C1_H8,H3_C2_C2_H3,H2_C1_S_C1,H1_C1_C1_O2,H2_C1_O3_H5,O2_C1_C1_O3,H3_C2_C1_H1,N1_C2_C1_C1,H2_C1_O2_C2,C1_H4_C2_O1,C1_O1_C2_O3,H1_C1_C2_C2,H1_C1_C1_H1,H1_C1_C1_N1,Mol_Wt,Tg,Cp_KJ/Kg-K,Cp_J/mol-K
poly_iso_butyl_acrylate,23,22,40,54,6,7,13,10,6,1,0,0,1,1,0,0,12,2,0,0,0,0,0,0,0,0,0,0,0,0,0,0,0,0,0,0,4,1,0,0,0,0,0,0,0,0,2,0,12,1,1,0,0,0,1,0,0,0,0,0,0,0,1,0,0,0,0,0,0,0,0,0,0,1,0,2,0,0,0,0,0,10,0,0,2,0,0,0,0,0,0,0,0,0,0,0,0,0,0,0,0,0,0,0,3,2,1,0,0,0,0,0,1,1,0,0,0,0,0,1,0,14,1,0,0,0,0,0,0,0,0,0,0,0,0,0,2,0,0,0,0,0,0,0,0,11,0,0,0,0,0,4,0,0,3,0,0,12,0,0,0,0,0,0,0,0,0,0,0,0,0,5,1,0,0,0,2,0,0,0,0,2,0,0,0,12,0,128.17,249,1.8108,232.09
poly_n_butyl_acrylate,23,22,40,56,6,7,13,11,6,1,0,0,1,1,0,0,12,2,0,0,0,0,0,0,0,0,0,0,0,0,0,0,0,0,0,0,4,1,0,0,0,0,0,0,0,0,2,0,12,1,1,0,0,0,1,0,0,0,0,0,0,0,1,0,0,0,0,0,0,0,0,0,0,1,0,2,0,0,0,0,0,9,0,0,2,0,0,0,0,0,0,0,0,0,0,0,0,0,0,0,0,0,0,0,2,2,1,0,0,0,0,0,1,1,0,0,0,0,0,1,0,16,1,0,0,0,0,0,0,0,0,0,0,0,0,0,2,0,0,0,0,0,0,0,0,0,3,0,0,0,0,4,0,0,3,0,0,7,0,10,0,0,0,0,0,0,0,0,0,0,0,4,1,0,0,0,4,0,0,0,0,2,0,0,0,16,0,128.17,218,1.8201,233.28
poly_ethyl_acrylate,17,16,28,37,6,7,12,9,4,1,0,0,1,1,0,0,8,2,0,0,0,0,0,0,0,0,0,0,0,0,0,0,0,0,0,0,2,1,0,0,0,0,0,0,0,0,2,0,8,1,1,0,0,0,1,0,0,0,0,0,0,0,1,0,0,0,0,0,0,0,0,0,0,1,0,2,0,0,0,0,0,7,0,0,2,0,0,0,0,0,0,0,0,0,0,0,0,0,0,0,0,0,0,0,0,2,1,0,0,0,0,0,1,1,0,0,0,0,0,1,0,8,1,0,0,0,0,0,0,0,0,0,0,0,0,0,2,0,0,0,0,0,0,0,0,0,0,0,0,0,0,4,0,0,3,0,0,0,0,9,0,0,0,0,0,0,0,0,0,0,0,4,1,0,0,0,6,0,0,0,0,2,0,0,0,6,0,100.12,249,1.7867,178.88
poly_methyl_acrylate,14,13,22,29,6,7,11,9,3,1,0,0,1,1,0,0,6,2,0,0,0,0,0,0,0,0,0,0,0,0,0,0,0,0,0,0,1,1,0,0,0,0,0,0,0,0,2,0,6,1,1,0,0,0,1,0,0,0,0,0,0,0,1,0,0,0,0,0,0,0,0,0,0,1,0,3,0,0,0,0,0,6,0,0,2,0,0,0,0,0,0,0,0,0,0,0,0,0,0,0,0,0,0,0,0,2,1,0,0,0,0,0,1,1,0,0,0,0,0,1,0,3,0,0,0,0,0,0,0,0,0,2,0,0,0,0,2,0,0,0,0,0,0,0,0,0,0,0,0,0,0,6,0,0,1,0,0,0,0,0,6,0,0,0,0,0,0,0,0,0,0,3,1,0,0,0,6,0,0,0,0,2,0,0,0,0,0,86.09,279,1.765,151.99
poly_1_4_butadiene,12,11,18,25,4,4,5,5,2,2,0,0,0,0,0,0,6,0,2,0,0,0,0,0,0,0,0,0,0,0,0,0,0,0,0,0,0,0,0,0,0,0,1,0,0,2,0,0,6,0,2,0,0,0,0,0,0,0,0,2,0,0,0,0,0,0,0,0,0,0,0,0,0,0,0,6,0,0,0,0,0,6,0,0,0,0,0,0,0,0,0,0,0,0,0,0,0,0,0,0,0,0,0,0,0,0,0,0,0,0,0,0,0,0,0,0,2,0,0,0,2,0,0,2,0,0,0,0,0,0,0,0,0,0,0,0,0,0,0,0,0,0,0,0,0,0,0,0,0,0,1,0,0,0,0,0,0,0,0,0,0,0,0,0,0,0,0,0,0,0,0,0,0,0,4,0,0,0,0,6,0,0,0,0,12,0,0,54.09,171,1.96,106
Poly_1_butene,14,13,24,29,2,2,3,3,4,0,0,0,0,0,0,0,10,0,0,0,0,0,0,0,0,0,0,0,0,0,0,0,0,0,0,0,3,0,0,0,0,0,0,0,0,0,0,0,10,0,0,0,0,0,0,0,0,0,0,0,0,0,0,0,0,0,0,0,0,0,0,0,0,0,0,0,0,0,0,0,0,8,0,0,0,0,0,0,0,0,0,0,0,0,0,0,0,0,0,0,0,0,0,0,2,0,0,0,0,0,0,0,0,0,0,0,0,0,0,0,0,14,0,0,0,0,0,0,0,0,0,0,0,0,0,0,0,0,0,0,0,0,0,0,0,0,3,0,0,0,0,0,0,0,0,0,0,10,0,0,0,0,0,0,0,0,0,0,0,0,0,0,0,0,0,0,0,0,0,0,0,0,0,0,0,16,0,56.11,249,2.086,117.02
Polyethylene,8,7,12,9,2,2,2,1,2,0,0,0,0,0,0,0,6,0,0,0,0,0,0,0,0,0,0,0,0,0,0,0,0,0,0,0,1,0,0,0,0,0,0,0,0,0,0,0,6,0,0,0,0,0,0,0,0,0,0,0,0,0,0,0,0,0,0,0,0,0,0,0,0,0,0,0,0,0,0,0,0,6,0,0,0,0,0,0,0,0,0,0,0,0,0,0,0,0,0,0,0,0,0,0,0,0,0,0,0,0,0,0,0,0,0,0,0,0,0,0,0,6,0,0,0,0,0,0,0,0,0,0,0,0,0,0,0,0,0,0,0,0,0,0,0,0,0,0,0,0,0,0,0,0,0,0,0,0,0,0,0,0,0,0,0,0,0,0,0,0,0,0,0,0,0,0,0,0,0,0,0,0,0,0,0,9,0,14.03,252,1.555,21.81
Polyisobutene,14,13,24,27,2,2,3,2,4,0,0,0,0,0,0,0,10,0,0,0,0,0,0,0,0,0,0,0,0,0,0,0,0,0,0,0,3,0,0,0,0,0,0,0,0,0,0,0,10,0,0,0,0,0,0,0,0,0,0,0,0,0,0,0,0,0,0,0,0,0,0,0,0,0,0,0,0,0,0,0,0,9,0,0,0,0,0,0,0,0,0,0,0,0,0,0,0,0,0,0,0,0,0,0,3,0,0,0,0,0,0,0,0,0,0,0,0,0,0,0,0,12,0,0,0,0,0,0,0,0,0,0,0,0,0,0,0,0,0,0,0,0,0,0,0,0,0,0,0,0,0,0,0,0,0,0,0,18,0,0,0,0,0,0,0,0,0,0,0,0,0,0,0,0,0,0,0,0,0,0,0,0,0,0,0,9,0,56.11,200,1.962,110.09
Poly_2_methylbutadiene,15,14,24,35,4,4,6,5,3,2,0,0,0,0,0,0,9,0,1,0,0,0,0,0,0,0,0,0,0,0,0,0,0,0,0,0,0,0,0,0,0,0,1,0,0,1,0,0,9,0,3,0,0,0,0,0,0,0,0,1,0,1,0,0,0,0,0,0,0,0,0,0,0,0,0,9,0,0,0,0,0,9,0,0,0,0,0,0,0,0,0,0,0,0,0,0,0,0,0,0,0,0,0,0,0,0,0,0,0,0,0,0,0,0,0,0,1,0,0,0,3,0,0,2,0,0,0,0,0,0,0,0,0,0,0,0,0,0,9,0,0,0,0,0,0,0,0,4,0,0,2,0,0,0,0,0,0,0,0,0,0,0,0,0,0,0,0,0,0,0,0,0,0,0,0,0,0,0,0,0,0,0,0,0,18,0,0,68.12,200,1.911,130.2
Poly_4_methyl_1pentene,20,19,36,51,2,2,3,3,6,0,0,0,0,0,0,0,14,0,0,0,0,0,0,0,0,0,0,0,0,0,0,0,0,0,0,0,5,0,0,0,0,0,0,0,0,0,0,0,14,0,0,0,0,0,0,0,0,0,0,0,0,0,0,0,0,0,0,0,0,0,0,0,0,0,0,0,0,0,0,0,0,11,0,0,0,0,0,0,0,0,0,0,0,0,0,0,0,0,0,0,0,0,0,0,5,0,0,0,0,0,0,0,0,0,0,0,0,0,0,0,0,20,0,0,0,0,0,0,0,0,0,0,0,0,0,0,0,0,0,0,0,0,0,0,0,0,9,0,0,0,0,0,0,0,0,0,0,24,0,0,0,0,0,0,0,0,0,0,0,0,0,0,0,0,0,0,0,0,0,0,0,0,0,0,0,18,0,84.16,303,1.728,145.4
Poly_1_pentene,17,16,30,40,2,2,3,3,5,0,0,0,0,0,0,0,12,0,0,0,0,0,0,0,0,0,0,0,0,0,0,0,0,0,0,0,4,0,0,0,0,0,0,0,0,0,0,0,12,0,0,0,0,0,0,0,0,0,0,0,0,0,0,0,0,0,0,0,0,0,0,0,0,0,0,0,0,0,0,0,0,9,0,0,0,0,0,0,0,0,0,0,0,0,0,0,0,0,0,0,0,0,0,0,3,0,0,0,0,0,0,0,0,0,0,0,0,0,0,0,0,18,0,0,0,0,0,0,0,0,0,0,0,0,0,0,0,0,0,0,0,0,0,0,0,0,6,0,0,0,0,0,0,0,0,0,0,14,0,0,0,0,0,0,0,0,0,0,0,0,0,0,0,0,0,0,0,0,0,0,0,0,0,0,0,20,0,70.14,233,2.058,144.34
Polypropylene,11,10,18,18,2,2,3,2,3,0,0,0,0,0,0,0,8,0,0,0,0,0,0,0,0,0,0,0,0,0,0,0,0,0,0,0,2,0,0,0,0,0,0,0,0,0,0,0,8,0,0,0,0,0,0,0,0,0,0,0,0,0,0,0,0,0,0,0,0,0,0,0,0,0,0,0,0,0,0,0,0,7,0,0,0,0,0,0,0,0,0,0,0,0,0,0,0,0,0,0,0,0,0,0,1,0,0,0,0,0,0,0,0,0,0,0,0,0,0,0,0,10,0,0,0,0,0,0,0,0,0,0,0,0,0,0,0,0,0,0,0,0,0,0,0,0,0,0,0,0,0,0,0,0,0,0,0,6,0,0,0,0,0,0,0,0,0,0,0,0,0,0,0,0,0,0,0,0,0,0,0,0,0,0,0,12,0,42.08,260,1.622,68.24
Poly_n-butyl_methacrylate,26,25,46,64,6,7,13,11,7,1,0,0,1,1,0,0,14,2,0,0,0,0,0,0,0,0,0,0,0,0,0,0,0,0,0,0,5,1,0,0,0,0,0,0,0,0,2,0,14,1,1,0,0,0,1,0,0,0,0,0,0,0,1,0,0,0,0,0,0,0,0,0,0,1,0,1,0,0,0,0,0,11,0,0,2,0,0,0,0,0,0,0,0,0,0,0,0,0,0,0,0,0,0,0,3,2,1,0,0,0,0,0,1,1,0,0,0,0,0,1,0,19,2,0,0,0,0,0,0,0,0,0,0,0,0,0,2,0,0,0,0,0,0,0,0,0,3,0,0,0,0,2,0,0,3,0,0,13,0,0,13,0,0,0,0,0,0,0,0,0,0,5,1,0,0,0,4,0,0,0,0,2,0,0,0,16,0,142.2,293,1.8524,263.41
Poly_i_butyl_methacrylate,26,25,46,71,5,6,10,9,7,1,0,0,1,1,0,0,16,0,0,0,0,0,0,0,0,0,0,0,0,0,0,0,0,0,0,0,5,1,0,0,0,0,0,0,0,0,0,0,16,1,1,0,0,0,1,0,0,0,0,0,0,0,0,0,0,0,0,0,0,0,0,0,0,1,0,1,0,0,0,0,0,15,0,0,0,0,0,0,0,0,0,0,0,0,0,0,0,0,0,0,0,0,0,0,4,0,3,0,0,0,0,0,1,1,0,0,0,0,0,1,0,17,2,0,0,0,0,0,0,0,0,0,0,0,0,0,6,0,0,0,0,0,0,0,0,0,0,0,0,0,0,2,0,0,3,0,0,24,0,6,0,0,0,0,0,0,0,0,0,0,0,5,1,0,0,0,18,0,0,0,0,0,0,0,0,6,0,142.2,326,1.571,223.4
Poly_ethyl_methacrylate,20,19,34,45,6,7,13,10,5,1,0,0,1,1,0,0,10,2,0,0,0,0,0,0,0,0,0,0,0,0,0,0,0,0,0,0,3,1,0,0,0,0,0,0,0,0,2,0,10,1,1,0,0,0,1,0,0,0,0,0,0,0,1,0,0,0,0,0,0,0,0,0,0,1,0,1,0,0,0,0,0,9,0,0,2,0,0,0,0,0,0,0,0,0,0,0,0,0,0,0,0,0,0,0,1,2,1,0,0,0,0,0,1,1,0,0,0,0,0,1,0,11,2,0,0,0,0,0,0,0,0,0,0,0,0,0,2,0,0,0,0,0,0,0,0,0,0,0,0,0,0,2,0,0,3,0,0,6,0,0,12,0,0,0,0,0,0,0,0,0,0,5,1,0,0,0,6,0,0,0,0,2,0,0,0,6,0,114.15,338,1.4666,167.42
Poly_hexyl_methacrylate,32,31,58,86,6,7,13,11,9,1,0,0,1,1,0,0,18,2,0,0,0,0,0,0,0,0,0,0,0,0,0,0,0,0,0,0,7,1,0,0,0,0,0,0,0,0,2,0,18,1,1,0,0,0,1,0,0,0,0,0,0,0,1,0,0,0,0,0,0,0,0,0,0,1,0,1,0,0,0,0,0,13,0,0,2,0,0,0,0,0,0,0,0,0,0,0,0,0,0,0,0,0,0,0,5,2,1,0,0,0,0,0,1,1,0,0,0,0,0,1,0,27,2,0,0,0,0,0,0,0,0,0,0,0,0,0,2,0,0,0,0,0,0,0,0,0,9,0,0,0,0,2,0,0,3,0,0,21,0,0,13,0,0,0,0,0,0,0,0,0,0,5,1,0,0,0,4,0,0,0,0,2,0,0,0,24,0,170.25,268,1.901,324.83
Polymethacrylic_acid,14,13,22,29,6,6,9,7,3,1,0,0,1,0,1,0,7,0,0,0,1,0,0,0,0,0,0,0,0,0,0,0,0,0,0,1,2,0,0,0,0,0,0,0,0,0,0,0,7,0,1,1,0,0,1,0,0,0,0,0,0,0,0,0,0,0,0,0,0,0,0,0,0,1,0,1,0,1,0,0,0,6,0,0,0,0,0,0,0,0,0,0,0,0,0,0,0,0,0,1,0,0,0,0,1,0,0,0,0,0,0,1,0,0,0,0,0,0,0,0,0,8,2,0,0,0,0,0,0,0,0,0,0,0,0,0,0,0,0,0,0,0,0,0,0,0,0,0,0,0,0,2,0,0,0,0,0,6,0,6,0,0,0,0,0,0,0,0,5,3,0,0,0,0,0,0,0,0,0,0,0,0,0,1,0,6,0,86.09,,1.307,112.5
Polymethacrylamide,15,14,24,35,6,6,10,9,3,1,0,0,1,0,0,1,7,0,0,0,0,2,0,0,0,0,0,0,0,0,0,0,0,0,0,0,2,0,0,0,1,2,0,0,0,0,0,0,7,0,1,0,0,0,1,0,0,0,0,0,0,0,0,0,0,0,0,0,0,1,0,0,0,1,0,1,0,0,0,0,0,6,0,0,0,0,0,0,0,0,0,0,0,0,0,1,0,1,0,0,0,0,0,0,1,0,0,2,0,0,0,0,0,0,0,0,0,0,0,0,0,8,2,0,0,6,1,0,0,0,0,0,0,0,0,0,0,0,0,0,0,0,0,0,0,0,0,0,0,0,0,2,0,0,0,0,0,6,1,6,0,0,0,0,0,0,0,0,0,0,3,0,0,0,0,0,0,0,0,0,4,0,0,0,0,6,0,85.11,,1.395,118.7
Polymethyl_methacrylate,17,16,28,32,6,7,11,8,4,1,0,0,1,1,0,0,7,3,0,0,0,0,0,0,0,0,0,0,0,0,0,0,0,0,0,0,2,1,0,0,0,0,0,0,0,0,3,0,7,1,1,0,0,0,1,0,0,0,0,0,0,0,3,0,0,0,0,0,0,0,0,0,0,1,0,1,0,0,0,0,0,6,0,0,3,0,0,0,0,0,0,0,0,0,0,0,0,0,0,0,0,0,0,0,1,0,0,0,0,0,0,0,1,1,0,0,0,0,0,1,0,8,2,0,0,0,0,0,0,0,0,0,0,0,0,0,0,0,0,0,0,0,0,0,0,0,0,0,0,0,0,2,0,0,3,0,0,6,0,6,0,0,0,0,0,0,0,0,0,0,0,5,1,0,0,0,0,0,0,0,0,3,0,0,0,6,0,100.12,378,1.3755,137.72
Polystyrene,18,18,30,45,4,5,7,5,2,6,0,0,0,0,0,0,5,0,5,0,0,0,0,0,0,0,0,0,0,0,0,0,0,0,0,0,1,0,0,0,0,0,6,0,0,5,0,0,5,0,1,0,0,0,0,0,0,0,0,10,0,0,0,0,0,0,0,0,0,0,0,0,0,0,0,2,0,0,0,0,0,4,0,0,0,0,0,0,0,0,0,0,0,6,0,0,0,0,0,0,0,0,0,0,0,0,0,0,0,0,0,0,0,0,0,0,0,0,0,0,2,5,1,0,0,0,0,0,0,0,0,0,0,0,0,0,0,0,0,0,0,0,0,0,0,0,0,0,0,0,0,0,0,0,0,0,0,0,0,3,0,0,0,0,0,0,6,0,0,0,0,0,0,0,24,0,0,0,0,0,0,0,0,0,6,6,0,104.15,373,1.223,127.38
Poly_alpha_methylstyrene,21,21,36,54,4,5,8,6,3,6,0,0,0,0,0,0,7,0,5,0,0,0,0,0,0,0,0,0,0,0,0,0,0,0,0,0,2,0,0,0,0,0,6,0,0,5,0,0,7,0,1,0,0,0,0,0,0,0,0,10,0,0,0,0,0,0,0,0,0,0,0,0,0,0,0,1,0,0,0,0,0,6,0,0,0,0,0,0,0,0,0,0,0,6,0,0,0,0,0,0,0,0,0,0,1,0,0,0,0,0,0,0,0,0,0,0,0,0,0,0,2,8,2,0,0,0,0,0,0,0,0,0,0,0,0,0,0,0,0,0,0,0,0,0,0,0,0,0,0,0,0,0,0,0,0,0,0,6,0,6,0,0,0,0,0,0,6,0,0,0,0,0,0,0,24,0,0,0,0,0,0,0,0,0,6,6,0,118.18,441,1.2752,150.7
Poly_p-methylstyrene,21,21,36,51,4,5,7,5,3,6,0,0,0,0,0,0,8,0,4,0,0,0,0,0,0,0,0,0,0,0,0,0,0,0,0,0,1,0,0,0,0,0,6,0,0,4,0,0,8,0,2,0,0,0,0,0,0,0,0,8,0,0,0,0,0,0,0,0,0,0,0,0,0,0,0,5,0,0,0,0,0,7,0,0,0,0,0,0,0,0,0,0,0,6,0,0,0,0,0,0,0,0,0,0,0,0,0,0,0,0,0,0,0,0,0,0,0,0,0,0,4,5,1,0,0,0,0,0,0,0,0,0,0,0,0,0,0,0,0,0,0,0,0,0,0,0,0,0,0,0,0,0,0,0,0,0,0,0,0,3,0,0,0,0,0,0,6,0,0,0,0,0,0,0,24,0,0,0,0,0,0,0,0,0,12,6,0,118.18,380,1.2743,150.6
Poly_acrylonitrile,9,8,13,12,4,4,5,3,2,0,1,0,0,0,0,1,5,0,0,0,0,0,0,0,0,0,0,0,1,0,0,0,0,0,0,0,1,0,1,0,0,0,0,0,0,0,0,0,5,0,0,0,0,0,0,0,0,0,0,0,1,0,0,0,0,0,0,0,0,0,0,0,0,0,0,0,0,0,0,0,0,4,0,0,0,0,0,2,0,1,0,0,0,0,0,0,0,0,0,0,0,0,0,0,0,0,0,0,0,0,0,0,0,0,0,0,0,0,0,0,0,5,0,0,0,0,0,0,0,0,0,0,0,0,0,3,0,0,0,0,0,0,0,0,0,0,0,0,0,0,0,0,0,0,0,0,0,0,0,0,0,0,0,3,0,0,0,0,0,0,0,0,0,0,0,0,0,0,0,0,0,0,0,0,0,6,0,53.06,378,1.297,68.83
Poly_chlorotrifluoroethylene,8,7,12,11,4,4,7,2,2,0,0,0,0,0,0,0,0,0,0,0,0,0,0,2,3,1,0,0,0,0,0,0,0,0,0,0,1,0,0,2,0,0,0,0,0,0,0,1,0,0,0,0,3,0,0,1,1,0,0,0,0,0,0,0,0,0,0,0,0,0,0,0,0,0,0,0,2,0,0,0,1,0,0,0,0,0,3,0,3,0,0,0,0,0,0,0,0,0,0,0,0,0,0,0,0,0,0,0,1,0,0,0,0,0,0,0,0,0,0,0,0,0,0,0,0,0,0,0,0,0,0,0,0,0,0,0,0,0,0,0,0,0,4,0,0,0,0,0,0,0,0,0,0,0,0,0,0,0,0,0,0,0,0,0,0,0,0,0,0,0,0,0,0,7,0,0,0,0,0,0,0,0,0,0,0,0,0,116.7,325,0.85945,100.1
Polytetrafluroethylene,8,7,12,13,3,3,4,2,2,0,0,0,0,0,0,0,0,0,0,0,0,0,0,2,4,0,0,0,0,0,0,0,0,0,0,0,1,0,0,2,0,0,0,0,0,0,0,0,0,0,0,0,4,0,0,0,2,0,0,0,0,0,0,0,0,0,0,0,0,0,0,0,0,0,0,0,2,0,0,0,0,0,0,0,0,0,4,0,4,0,0,0,0,0,0,0,0,0,0,0,0,0,0,0,0,0,0,0,0,0,0,0,0,0,0,0,0,0,0,0,0,0,0,0,0,0,0,0,0,0,0,0,0,0,0,0,0,0,0,0,0,0,8,0,0,0,0,0,0,0,0,0,0,0,0,0,0,0,0,0,0,0,0,0,0,0,0,0,0,0,0,0,0,5,0,0,0,0,0,0,0,0,0,0,0,0,0,50.01,240,0.9016,45.09
Polytrifluroethylene,8,7,12,15,4,4,7,3,2,0,0,0,0,0,0,0,0,2,0,0,0,0,0,1,3,0,0,0,0,0,0,0,0,0,0,0,1,0,0,1,0,0,0,0,0,0,2,0,0,0,0,0,3,0,0,0,1,0,0,0,0,0,1,0,0,0,0,0,0,0,0,0,0,0,0,0,1,0,0,0,0,0,0,0,0,0,2,0,3,0,0,0,0,0,0,0,0,0,0,0,0,0,0,0,0,2,0,0,0,2,0,0,0,0,0,0,0,0,0,0,0,0,0,0,0,0,0,0,0,0,0,0,0,0,0,0,0,0,0,0,10,0,2,3,0,0,0,0,0,0,0,0,0,0,0,0,0,0,0,0,0,0,0,0,0,0,0,0,0,0,0,0,0,0,0,0,0,0,0,0,0,0,0,0,0,0,0,82.02,304,1.078,88.4
Poly_vinyl_chloride,8,7,12,12,4,4,6,2,2,0,0,0,0,0,0,0,3,2,0,0,0,0,0,0,0,1,0,0,0,0,0,0,0,0,0,0,1,0,0,0,0,0,0,0,0,0,2,1,3,0,0,0,0,0,0,0,0,0,0,0,0,0,1,0,0,0,0,0,0,0,0,0,0,0,2,0,0,0,0,0,0,3,0,0,0,0,0,0,0,0,0,0,0,0,0,0,0,0,0,0,0,0,0,0,0,2,0,0,1,0,0,0,0,0,0,0,0,0,0,0,0,3,0,0,0,0,0,0,0,0,0,0,0,6,0,0,0,0,0,0,0,0,0,0,0,0,0,0,0,0,0,0,0,0,0,0,0,0,0,0,6,0,0,0,0,0,0,0,0,0,0,0,0,0,0,0,0,0,0,0,0,0,0,0,0,0,0,62.5,354,0.9496,59.35
Poly_vinyl_fluoride,8,7,12,12,4,4,6,2,2,0,0,0,0,0,0,0,3,2,0,0,0,0,0,0,1,0,0,0,0,0,0,0,0,0,0,0,1,0,0,0,0,0,0,0,0,0,2,0,3,0,0,0,1,0,0,0,0,0,0,0,0,0,1,0,0,0,0,0,0,0,0,0,0,0,0,0,0,0,0,0,0,3,0,0,0,0,0,0,1,0,0,0,0,0,0,0,0,0,0,0,0,0,0,0,0,2,0,0,0,2,0,0,0,0,0,0,0,0,0,0,0,3,0,0,0,0,0,0,0,0,0,0,0,0,0,0,0,0,0,0,0,0,0,0,0,0,0,0,0,0,0,0,0,0,0,0,6,0,0,0,6,0,0,0,0,0,0,0,0,0,0,0,0,0,0,0,0,0,0,0,0,0,0,0,0,0,0,46.04,314,1.301,59.91
Poly_p-phenylene,12,12,18,30,2,2,2,2,0,6,0,0,0,0,0,0,0,0,6,0,0,0,0,0,0,0,0,0,0,0,0,0,0,0,0,0,0,0,0,0,0,0,6,0,0,6,0,0,0,0,0,0,0,0,0,0,0,0,0,12,0,0,0,0,0,0,0,0,0,0,0,0,0,0,0,0,0,0,0,0,0,0,0,0,0,0,0,0,0,0,0,0,0,6,0,0,0,0,0,0,0,0,0,0,0,0,0,0,0,0,0,0,0,0,0,0,0,0,0,0,0,0,0,0,0,0,0,0,0,0,0,0,0,0,0,0,0,0,0,0,0,0,0,0,0,0,0,0,0,0,0,0,0,0,0,0,0,0,0,0,0,0,0,0,0,0,6,0,0,0,0,0,0,0,24,0,0,0,0,0,0,0,0,0,0,0,0,76.1,,1.117,85.04
Poly_vinyl_acetate,14,13,22,29,6,7,11,8,3,1,0,0,1,1,0,0,6,2,0,0,0,0,0,0,0,0,0,0,0,0,0,0,0,0,0,0,1,1,0,0,0,0,0,0,0,0,2,0,6,1,1,0,0,0,1,0,0,0,0,0,0,0,1,0,0,0,0,0,0,0,0,0,0,1,0,3,0,0,0,0,0,6,0,0,2,0,0,0,0,0,0,0,0,0,0,0,0,0,0,0,0,0,0,0,0,2,1,0,0,0,0,0,1,1,0,0,0,0,0,1,0,3,0,0,0,0,0,0,0,0,0,0,0,0,0,0,2,0,0,0,0,0,0,0,0,0,0,0,0,0,0,6,0,0,3,0,0,0,0,0,6,0,0,0,0,0,0,0,0,0,0,3,1,0,0,0,6,0,0,0,0,2,0,0,0,0,0,86.09,304,1.183,101.86
Poly_vinyl_alcohol,9,8,13,16,5,5,7,4,2,0,0,0,0,0,1,0,3,2,0,0,1,0,0,0,0,0,0,0,0,0,0,0,0,0,0,1,1,0,0,0,0,0,0,1,0,0,2,0,3,0,0,0,0,0,0,0,0,0,0,0,0,0,1,0,0,0,0,0,0,0,0,0,0,0,0,0,0,0,0,0,0,3,0,0,0,2,0,0,0,0,1,0,0,0,0,0,0,0,0,0,0,0,0,0,0,2,0,0,0,0,0,0,0,0,1,0,0,0,0,0,0,3,0,0,0,0,0,7,0,0,0,0,0,0,0,0,0,0,0,0,0,0,0,0,1,0,0,0,0,0,0,0,0,0,0,0,0,0,0,0,6,0,0,0,0,0,0,0,0,0,0,0,0,0,0,0,0,2,0,0,0,0,0,0,0,0,0,44.05,358,1.546,68.11
Poly_vinyl_benzoate,21,21,34,54,7,9,13,8,2,7,0,0,1,1,0,0,3,2,5,0,0,0,0,0,0,0,0,0,0,0,0,0,0,0,0,0,1,1,0,0,0,0,7,0,0,5,2,0,3,1,0,0,0,0,1,0,0,0,0,10,0,0,1,0,0,0,0,0,0,0,0,0,0,0,0,0,0,0,0,0,0,3,0,0,2,0,0,0,0,0,0,0,1,8,0,0,0,0,0,0,0,0,1,0,0,2,1,0,0,0,0,0,1,0,0,0,0,0,0,1,0,3,0,0,0,0,0,0,0,0,0,0,0,0,0,0,2,0,0,0,0,0,0,0,0,0,0,0,0,0,0,0,0,0,3,0,0,0,0,0,6,0,0,0,0,1,6,0,0,0,0,0,0,0,28,0,6,0,0,0,0,2,0,0,0,0,0,148.16,347,1.1025,163.35
Poly_p-xylylene,18,18,30,42,4,4,5,3,2,6,0,0,0,0,0,0,6,0,4,0,0,0,0,0,0,0,0,0,0,0,0,0,0,0,0,0,0,0,0,0,0,0,6,0,0,4,0,0,6,0,2,0,0,0,0,0,0,0,0,8,0,0,0,0,0,0,0,0,0,0,0,0,0,0,0,6,0,0,0,0,0,6,0,0,0,0,0,0,0,0,0,0,0,6,0,0,0,0,0,0,0,0,0,0,0,0,0,0,0,0,0,0,0,0,0,0,0,0,0,0,4,0,0,0,0,0,0,0,0,0,0,0,0,0,0,0,0,0,0,0,0,0,0,0,0,0,0,24,0,0,0,0,0,0,0,0,0,0,0,0,0,0,0,0,0,0,6,0,0,0,0,0,0,0,0,0,0,0,0,0,0,0,0,0,12,0,0,104.15,286,1.3022,135.622
Nylon612,58,57,108,185,8,11,21,12,16,2,0,0,2,0,0,2,28,4,0,1,0,3,0,0,0,0,0,0,0,0,2,1,0,0,0,0,14,0,0,0,1,3,0,0,0,0,4,0,28,0,2,0,0,0,2,0,0,0,0,0,0,0,2,0,0,3,0,1,0,1,0,0,0,2,0,4,0,0,4,0,0,14,0,0,0,0,0,0,0,0,0,0,0,0,1,1,0,1,0,0,0,2,0,0,12,4,0,1,0,0,0,0,0,0,0,0,0,1,0,0,0,52,2,0,0,5,0,0,0,1,7,0,11,0,0,0,0,0,0,0,0,0,0,0,0,0,30,0,0,0,0,8,0,0,0,3,0,44,0,24,0,0,0,0,0,0,0,0,0,0,0,0,0,0,0,0,0,0,0,0,2,0,2,0,0,48,0,310.48,319,1.5926,494.48
Nylon66,40,39,72,119,8,11,21,12,10,2,0,0,2,0,0,2,16,4,0,1,0,3,0,0,0,0,0,0,0,0,2,1,0,0,0,0,8,0,0,0,1,3,0,0,0,0,4,0,16,0,2,0,0,0,2,0,0,0,0,0,0,0,2,0,0,3,0,1,0,1,0,0,0,2,0,4,0,0,4,0,0,8,0,0,0,0,0,0,0,0,0,0,0,0,1,1,0,1,0,0,0,2,0,0,6,4,0,1,0,0,0,0,0,0,0,0,0,1,0,0,0,28,2,0,0,5,0,0,0,1,7,0,11,0,0,0,0,0,0,0,0,0,0,0,0,0,12,0,0,0,0,8,0,0,0,3,0,20,0,24,0,0,0,0,0,0,0,0,0,0,0,0,0,0,0,0,0,0,0,0,2,0,2,0,0,24,0,226.32,323,1.4638,331.3
Nylon69,49,48,90,152,8,11,21,12,13,2,0,0,2,0,0,2,22,4,0,1,0,3,0,0,0,0,0,0,0,0,2,1,0,0,0,0,11,0,0,0,1,3,0,0,0,0,4,0,22,0,2,0,0,0,2,0,0,0,0,0,0,0,2,0,0,3,0,1,0,1,0,0,0,2,0,4,0,0,4,0,0,11,0,0,0,0,0,0,0,0,0,0,0,0,1,1,0,1,0,0,0,2,0,0,9,4,0,1,0,0,0,0,0,0,0,0,0,1,0,0,0,40,2,0,0,5,0,0,0,1,7,0,11,0,0,0,0,0,0,0,0,0,0,0,0,0,21,0,0,0,0,8,0,0,0,3,0,32,0,24,0,0,0,0,0,0,0,0,0,0,0,0,0,0,0,0,0,0,0,0,2,0,2,0,0,36,0,268.4,331,1.5204,408.08
Nylon610,52,51,96,163,8,11,21,12,14,2,0,0,2,0,0,2,24,4,0,1,0,3,0,0,0,0,0,0,0,0,2,1,0,0,0,0,12,0,0,0,1,3,0,0,0,0,4,0,24,0,2,0,0,0,2,0,0,0,0,0,0,0,2,0,0,3,0,1,0,1,0,0,0,2,0,4,0,0,4,0,0,12,0,0,0,0,0,0,0,0,0,0,0,0,1,1,0,1,0,0,0,2,0,0,10,4,0,1,0,0,0,0,0,0,0,0,0,1,0,0,0,44,2,0,0,5,0,0,0,1,7,0,11,0,0,0,0,0,0,0,0,0,0,0,0,0,24,0,0,0,0,8,0,0,0,3,0,36,0,24,0,0,0,0,0,0,0,0,0,0,0,0,0,0,0,0,0,0,0,0,2,0,2,0,0,40,0,282.43,323,1.5644,441.82
Nylon6,21,20,36,55,8,8,14,8,5,1,0,0,1,0,0,1,8,2,0,1,0,2,0,0,0,0,0,0,0,0,1,1,0,0,0,0,4,0,0,0,0,2,0,0,0,0,2,0,8,0,1,0,0,0,1,0,0,0,0,0,0,0,1,0,0,2,0,0,0,0,0,0,0,1,0,2,0,0,2,0,0,4,0,0,0,0,0,0,0,0,0,0,0,0,1,1,0,0,0,0,0,1,0,0,3,2,0,0,0,0,0,0,0,0,0,0,0,1,0,0,0,14,1,0,0,0,0,0,0,0,4,0,6,0,0,0,0,0,0,0,0,0,0,0,0,0,6,0,0,0,0,4,0,0,0,0,0,10,0,12,0,0,0,0,0,0,0,0,0,0,0,0,0,0,0,0,0,0,0,0,0,0,1,0,0,12,0,113.16,313,1.5023,170
Nylon12,39,38,72,121,8,8,14,8,11,1,0,0,1,0,0,1,20,2,0,1,0,2,0,0,0,0,0,0,0,0,1,1,0,0,0,0,10,0,0,0,0,2,0,0,0,0,2,0,20,0,1,0,0,0,1,0,0,0,0,0,0,0,1,0,0,2,0,0,0,0,0,0,0,1,0,2,0,0,2,0,0,10,0,0,0,0,0,0,0,0,0,0,0,0,1,1,0,0,0,0,0,1,0,0,9,2,0,0,0,0,0,0,0,0,0,0,0,1,0,0,0,38,1,0,0,0,0,0,0,0,4,0,6,0,0,0,0,0,0,0,0,0,0,0,0,0,24,0,0,0,0,4,0,0,0,0,0,34,0,12,0,0,0,0,0,0,0,0,0,0,0,0,0,0,0,0,0,0,0,0,0,0,1,0,0,36,0,197.32,314,1.6952,334.49
Nylon11,36,35,66,110,8,8,14,8,10,1,0,0,1,0,0,1,18,2,0,1,0,2,0,0,0,0,0,0,0,0,1,1,0,0,0,0,9,0,0,0,0,2,0,0,0,0,2,0,18,0,1,0,0,0,1,0,0,0,0,0,0,0,1,0,0,2,0,0,0,0,0,0,0,1,0,2,0,0,2,0,0,9,0,0,0,0,0,0,0,0,0,0,0,0,1,1,0,0,0,0,0,1,0,0,8,2,0,0,0,0,0,0,0,0,0,0,0,1,0,0,0,34,1,0,0,0,0,0,0,0,4,0,6,0,0,0,0,0,0,0,0,0,0,0,0,0,21,0,0,0,0,4,0,0,0,0,0,30,0,12,0,0,0,0,0,0,0,0,0,0,0,0,0,0,0,0,0,0,0,0,0,0,1,0,0,32,0,183.3,316,1.7507,320.91
Poly_L_alanine,12,11,18,23,8,8,13,5,2,1,0,0,1,0,0,1,3,1,0,1,0,2,0,0,0,0,0,0,0,0,1,1,0,0,0,0,1,0,0,0,0,2,0,0,0,0,1,0,3,0,1,0,0,0,1,0,0,0,0,0,0,0,0,0,0,2,0,0,0,0,0,1,0,1,0,0,0,0,1,0,0,3,0,0,0,0,0,0,0,0,0,0,0,0,1,1,0,0,0,0,0,1,0,0,0,1,0,0,0,0,0,0,0,0,0,0,0,1,1,0,0,3,1,0,0,0,0,0,0,0,0,0,6,0,0,0,0,0,0,0,0,0,0,0,0,0,0,0,0,0,0,0,2,0,0,0,0,0,0,0,0,0,0,0,0,0,0,5,0,0,0,0,0,0,0,0,0,0,0,0,0,0,1,0,0,0,9,71.08,,1.315,93.47
Poly_L_asparagine,20,19,31,49,10,10,17,7,3,2,0,0,2,0,1,2,2,2,0,1,1,4,0,0,0,0,0,0,0,0,2,1,0,0,0,1,2,0,0,0,0,4,0,0,0,0,2,0,2,0,2,1,0,0,2,0,0,0,0,0,0,0,0,0,0,4,0,0,0,0,0,2,0,2,0,0,0,1,2,0,0,1,0,0,0,0,0,0,0,0,0,0,0,0,1,2,0,0,0,1,0,2,0,0,1,2,0,0,0,0,0,1,0,0,0,0,0,1,2,0,0,4,2,0,0,0,0,0,0,0,0,0,12,0,0,0,0,0,0,0,0,0,0,0,0,0,0,0,0,10,0,0,4,0,0,0,0,0,0,0,0,0,0,0,0,0,0,0,0,3,0,0,0,0,0,0,0,0,0,0,0,0,1,1,0,0,18,114.1,,1.218,139
Polyglycine,10,9,13,18,8,7,10,5,1,1,0,0,1,0,1,1,0,2,0,0,1,2,0,0,0,0,0,0,0,0,1,0,0,0,0,1,0,0,0,0,0,2,0,0,0,0,2,0,0,0,1,1,0,0,1,0,0,0,0,0,0,0,1,0,0,2,0,0,0,0,0,2,0,1,0,0,0,1,2,0,0,0,0,0,0,0,0,0,0,0,0,0,0,0,0,1,0,0,0,1,0,0,0,0,0,0,0,0,0,0,0,1,0,0,0,0,0,0,1,0,0,0,0,0,0,0,0,0,0,0,0,0,6,0,0,0,0,0,0,0,0,0,0,0,0,0,0,0,0,4,0,0,4,0,0,0,0,0,0,0,0,0,0,0,0,0,0,0,0,3,0,0,0,0,0,0,0,0,0,0,0,0,0,1,0,0,0,57.05,,1.17,66.75
Poly_L_methionine,19,18,31,38,9,9,18,6,4,1,0,0,1,0,0,1,2,6,0,1,0,2,0,0,0,0,1,0,0,0,1,1,0,2,0,0,2,0,0,0,0,2,0,0,0,0,6,0,2,0,1,0,0,0,1,0,0,0,0,0,0,0,4,0,0,2,0,0,0,0,0,1,0,1,0,0,0,0,1,0,0,1,0,0,0,0,0,0,0,0,0,1,0,0,1,1,0,0,0,0,1,1,0,0,1,3,0,0,0,0,0,0,0,0,0,5,0,1,1,0,0,4,1,0,0,0,0,0,0,0,0,0,6,0,0,0,0,0,0,0,0,0,0,0,0,0,0,0,0,0,0,0,2,0,0,0,0,0,0,0,18,0,5,0,0,0,0,0,0,0,0,0,0,0,0,6,0,0,0,0,0,0,1,0,0,0,0,131.19,,1.347,176.7
Poly_L_phenylalanine,22,22,36,59,9,11,18,8,2,7,0,0,1,0,0,1,2,1,5,1,0,2,0,0,0,0,0,0,0,0,1,1,0,0,0,0,1,0,0,0,0,2,6,0,0,5,1,0,2,0,2,0,0,0,1,0,0,0,0,10,0,0,0,0,0,2,0,0,0,0,0,1,0,1,0,2,0,0,1,0,0,1,0,0,0,0,0,0,0,0,0,0,0,6,1,1,0,0,0,0,0,1,0,0,0,1,0,0,0,0,0,0,0,0,0,0,0,1,1,0,2,2,2,0,0,0,0,0,0,0,0,0,6,0,0,0,0,0,0,0,0,0,0,0,0,0,0,0,0,0,0,0,2,0,0,0,0,0,0,0,9,0,5,0,0,0,6,0,0,0,0,0,0,0,24,0,0,0,0,0,0,0,1,0,6,0,0,147.18,,1.153,169.7
Poly_L_serine,13,12,19,28,9,9,15,8,2,1,0,0,1,0,1,1,0,3,0,1,1,2,0,0,0,0,0,0,0,0,1,1,0,0,0,1,1,0,0,0,0,2,0,1,0,0,3,0,0,0,1,0,0,0,1,0,0,0,0,0,0,0,1,0,0,2,0,0,0,0,0,1,0,1,0,0,0,0,1,0,0,0,0,0,0,2,0,0,0,0,1,0,0,0,1,1,0,0,0,0,0,1,0,0,0,3,0,0,0,0,0,0,0,0,1,0,0,1,1,0,0,0,1,0,0,0,0,0,3,0,0,0,6,0,0,0,0,0,0,0,0,0,0,0,1,0,0,0,8,0,0,0,2,0,0,0,0,0,0,0,0,0,5,0,0,0,0,0,0,0,0,0,0,0,0,0,0,2,0,0,0,0,1,0,0,0,0,87.08,,1.297,112.9
Poly_L_valine,18,17,30,41,8,8,14,7,4,1,0,0,1,0,0,1,7,1,0,1,0,2,0,0,0,0,0,0,0,0,1,1,0,0,0,0,3,0,0,0,0,2,0,0,0,0,1,0,7,0,1,0,0,0,1,0,0,0,0,0,0,0,0,0,0,2,0,0,0,0,0,1,0,1,0,0,0,0,1,0,0,6,0,0,0,0,0,0,0,0,0,0,0,0,1,1,0,0,0,0,0,1,0,0,3,1,0,0,0,0,0,0,0,0,0,0,0,1,1,0,0,9,1,0,0,0,0,0,0,0,0,0,6,0,0,0,0,0,0,0,0,0,0,0,0,0,0,0,0,0,0,0,2,0,0,0,0,12,0,0,9,0,5,0,0,0,0,0,0,0,0,0,0,0,0,0,0,0,0,0,0,0,1,0,0,6,0,99.13,,1.455,144.2
Poly_butylene_adipate,32,31,56,94,9,10,18,12,8,2,0,0,2,1,1,0,12,4,0,1,1,0,0,0,0,0,0,0,0,0,0,1,0,0,0,1,6,1,0,0,0,0,0,1,0,0,4,0,12,1,2,0,0,0,2,0,0,0,0,0,0,0,2,0,0,0,0,0,0,0,0,0,0,2,0,4,0,0,0,0,0,6,0,0,2,2,0,0,0,0,1,0,0,0,1,0,0,0,0,0,0,0,0,0,4,4,1,0,0,0,0,0,1,1,1,0,0,1,0,1,0,20,2,0,0,0,0,9,0,0,0,0,0,0,0,0,2,0,0,0,0,0,0,0,13,0,6,0,0,0,0,8,0,0,3,0,0,0,0,0,20,0,0,0,0,0,0,0,0,0,0,11,0,0,0,0,0,2,0,0,0,2,2,0,0,16,0,200.24,199,1.9706,394.595
Poly_butylene_terephthalate,30,30,50,84,10,12,19,11,4,8,0,0,2,1,1,0,4,4,4,1,1,0,0,0,0,0,0,0,0,0,0,1,0,0,0,1,3,1,0,0,0,0,8,1,0,4,4,0,4,1,0,0,0,0,2,0,0,0,0,8,0,0,2,0,0,0,0,0,0,0,0,0,0,0,0,0,0,0,0,0,0,2,0,0,2,2,0,0,0,0,1,0,2,10,1,0,0,0,0,0,0,0,1,0,2,4,1,0,0,0,1,0,1,0,1,0,0,0,0,1,0,8,0,0,0,0,0,9,0,0,0,0,0,0,0,0,2,0,0,0,0,0,0,0,5,0,3,0,0,0,0,0,0,0,3,0,0,0,0,0,14,0,0,0,2,0,38,0,0,0,0,0,0,0,0,0,0,2,0,0,0,2,0,0,0,4,0,220.23,248,1.6134,355.311
Poly_ethylene_terephthalate,24,24,38,62,9,11,16,8,2,8,0,0,2,1,1,0,3,2,4,0,1,0,0,0,0,0,0,0,0,0,0,0,0,0,0,1,1,1,0,0,0,0,8,0,0,4,2,0,3,1,0,1,0,0,2,0,0,0,0,8,0,0,1,0,0,0,0,0,0,0,0,0,0,0,0,0,0,1,0,0,0,3,0,0,2,0,0,0,0,0,0,0,2,10,0,0,0,0,1,1,0,0,1,0,0,2,1,0,0,0,0,0,1,0,0,0,0,0,0,1,0,3,0,0,0,0,0,0,0,0,0,0,0,0,0,0,2,0,0,0,0,0,0,0,0,0,0,0,0,0,0,0,0,0,3,0,0,0,0,0,6,0,0,0,0,2,38,0,0,3,0,0,0,0,0,0,6,0,0,0,0,2,0,0,0,0,0,192.16,342,1.172,225.2
Poly_tridecanolactone,41,40,76,129,6,6,9,8,12,1,0,0,1,0,1,0,25,0,0,0,1,0,0,0,0,0,0,0,0,0,0,0,0,0,0,1,11,0,0,0,0,0,0,0,0,0,0,0,25,0,1,1,0,0,1,0,0,0,0,0,0,0,0,0,0,0,0,0,0,0,0,0,0,1,0,2,0,1,0,0,0,14,0,0,0,0,0,0,0,0,0,0,0,0,0,0,0,0,0,1,0,0,0,0,10,0,0,0,0,0,0,1,0,0,0,0,0,0,0,0,0,45,1,0,0,0,0,0,0,0,0,0,0,0,0,0,0,0,0,0,0,0,0,0,0,0,27,0,0,0,0,4,0,0,0,0,0,41,0,3,0,0,0,0,0,0,0,0,4,3,0,0,0,0,0,0,0,0,0,0,0,0,0,1,0,46,0,212.34,237,1.79,380
Polycaprolactone,20,19,34,55,8,8,13,10,5,1,0,0,1,0,1,0,8,2,0,1,1,0,0,0,0,0,0,0,0,0,0,1,0,0,0,1,4,0,0,0,0,0,0,1,0,0,2,0,8,0,1,0,0,0,1,0,0,0,0,0,0,0,1,0,0,0,0,0,0,0,0,0,0,1,0,2,0,0,0,0,0,4,0,0,0,2,0,0,0,0,1,0,0,0,1,0,0,0,0,0,0,0,0,0,3,2,0,0,0,0,0,0,0,0,1,0,0,1,0,0,0,14,1,0,0,0,0,2,0,0,4,0,0,0,0,0,0,0,0,0,0,0,0,0,3,0,6,0,0,0,0,4,0,0,0,0,0,11,0,10,0,0,0,0,0,0,0,0,0,0,0,0,0,0,0,0,0,2,0,0,0,0,1,0,0,12,0,114.15,209,1.4229,162.42
Polyglycolide,8,7,10,12,7,6,8,4,1,1,0,0,1,0,1,0,0,2,0,1,1,0,0,0,0,0,0,0,0,0,0,1,0,0,0,1,0,0,0,0,0,0,0,1,0,0,2,0,0,0,1,0,0,0,1,0,0,0,0,0,0,0,1,0,0,0,0,0,0,0,0,2,0,1,0,0,0,0,0,0,0,0,0,0,0,2,0,0,0,0,1,0,0,0,1,0,1,0,0,0,0,0,0,0,0,0,0,0,0,0,0,0,0,0,0,0,0,1,0,0,0,0,0,0,0,0,0,0,0,0,0,0,0,0,0,0,0,0,0,0,0,0,0,0,0,0,0,0,0,0,0,0,4,0,0,0,0,0,0,0,0,0,0,0,0,0,0,4,0,0,0,0,0,0,0,0,0,3,0,0,0,0,1,0,0,0,0,58.04,318,1.127,65.42
Poly_beta_propiolactone,11,10,16,24,8,8,12,7,2,1,0,0,1,0,1,0,2,2,0,1,1,0,0,0,0,0,0,0,0,0,0,1,0,0,0,1,1,0,0,0,0,0,0,1,0,0,2,0,2,0,1,0,0,0,1,0,0,0,0,0,0,0,1,0,0,0,0,0,0,0,0,0,0,1,0,2,0,0,0,0,0,1,0,0,0,2,0,0,0,0,1,0,0,0,1,0,0,0,0,0,0,0,0,0,0,2,0,0,0,0,0,0,0,0,1,0,0,1,0,0,0,2,1,0,0,0,0,5,0,0,4,0,0,0,0,0,0,0,0,0,0,0,0,0,1,0,0,0,0,0,0,4,0,0,0,0,0,0,0,0,7,0,0,0,0,0,0,0,0,0,0,0,0,0,0,0,0,2,0,0,0,0,1,0,0,0,0,72.07,249,1.878,135.354
Poly_ethylene_oxalate,14,13,20,31,8,9,13,10,2,2,0,0,2,1,1,0,0,4,0,1,1,0,0,0,0,0,0,0,0,0,0,1,0,0,0,1,1,1,0,0,0,0,1,1,0,0,4,0,0,1,0,0,0,0,2,0,0,0,0,0,0,0,2,0,0,0,0,0,0,0,0,0,0,0,0,0,0,0,0,0,0,0,0,0,2,2,0,0,0,0,1,0,2,0,1,0,0,0,0,0,0,0,1,0,0,4,1,0,0,0,1,0,1,0,1,0,0,0,0,1,0,0,0,0,0,0,0,0,9,0,0,0,0,0,4,0,2,0,0,0,0,0,0,0,1,0,0,0,4,0,0,0,0,0,3,0,0,0,0,0,0,0,0,0,2,0,0,0,0,0,0,0,0,0,0,0,0,2,2,0,0,2,0,0,0,0,0,116.07,306,1.1175,129.705
Poly_ethylene_sebacate,38,37,68,119,9,10,18,13,10,2,0,0,2,1,1,0,16,4,0,1,1,0,0,0,0,0,0,0,0,0,0,1,0,0,0,1,8,1,0,0,0,0,0,1,0,0,4,0,16,1,2,0,0,0,2,0,0,0,0,0,0,0,2,0,0,0,0,0,0,0,0,0,0,2,0,4,0,0,0,0,0,8,0,0,2,2,0,0,0,0,1,0,0,0,1,0,0,0,0,0,0,0,0,0,6,4,1,0,0,0,0,0,1,1,1,0,0,1,0,1,0,28,2,0,0,0,0,0,9,0,0,0,0,0,0,0,2,0,0,0,0,0,0,0,25,0,15,0,10,0,0,8,0,0,3,0,0,0,0,0,0,0,0,0,0,0,0,0,0,0,0,11,0,0,0,0,0,2,2,0,0,2,2,0,0,28,0,228.29,245,1.9245,439.34
"Poly_oxy-2,6-dimethyl-1,4-phenylene",19,19,31,44,6,6,7,4,2,6,0,0,0,0,1,0,6,0,3,0,1,0,0,0,0,0,0,0,0,0,0,0,0,0,0,1,0,0,0,0,0,0,6,0,0,3,0,0,6,0,2,1,0,0,0,0,0,0,0,6,0,0,0,0,0,0,0,0,0,0,0,0,0,0,0,6,0,0,0,0,0,6,0,0,0,0,0,0,0,0,0,0,0,6,0,0,0,0,2,1,0,0,0,0,0,0,0,0,0,0,0,0,0,0,0,0,0,0,0,0,4,0,0,0,0,0,0,0,0,0,0,0,0,0,0,0,0,2,0,0,0,0,0,0,0,0,0,24,0,0,0,0,0,0,0,0,0,0,0,0,0,0,0,0,0,0,6,0,0,0,0,0,0,0,0,0,0,0,0,0,0,0,0,0,12,0,0,120.15,482,1.2459,149.7
Poly_oxyethylene,9,8,13,16,5,5,7,4,2,0,0,0,0,0,1,0,3,2,0,0,1,0,0,0,0,0,0,0,0,0,0,0,0,0,0,1,1,0,0,0,0,0,0,1,0,0,2,0,3,0,0,0,0,0,0,0,0,0,0,0,0,0,1,0,0,0,0,0,0,0,0,0,0,0,0,0,0,0,0,0,0,3,0,0,0,2,0,0,0,0,1,0,0,0,0,0,0,0,0,0,0,0,0,0,0,2,0,0,0,0,0,0,0,0,1,0,0,0,0,0,0,3,0,0,0,0,0,7,0,0,0,0,0,0,0,0,0,0,0,0,0,0,0,0,1,0,0,0,0,0,0,0,0,0,0,0,0,0,0,0,6,0,0,0,0,0,0,0,0,0,0,0,0,0,0,0,0,2,0,0,0,0,0,0,0,0,0,44.05,206,1.257,55.36
Poly_oxymethylene,6,5,7,3,4,3,3,1,1,0,0,0,0,0,1,0,0,3,0,0,1,0,0,0,0,0,0,0,0,0,0,0,0,0,0,1,0,0,0,0,0,0,0,1,0,0,3,0,0,0,0,0,0,0,0,0,0,0,0,0,0,0,3,0,0,0,0,0,0,0,0,0,0,0,0,0,0,0,0,0,0,0,0,0,0,3,0,0,0,0,1,0,0,0,0,0,0,0,0,0,0,0,0,0,0,0,0,0,0,0,0,0,0,0,0,0,0,0,0,0,0,0,0,0,0,0,0,0,0,0,0,0,0,0,0,0,0,0,0,0,0,0,0,0,0,0,0,0,0,0,0,0,0,0,0,0,0,0,0,0,0,0,0,0,0,0,0,0,0,0,0,0,0,0,0,0,0,3,0,0,0,0,0,0,0,0,0,30.03,190,1.283,38.52
Poly_oxy_1_4_phenylene,13,13,19,32,4,4,4,3,0,6,0,0,0,0,1,0,0,0,5,0,1,0,0,0,0,0,0,0,0,0,0,0,0,0,0,1,0,0,0,0,0,0,6,0,0,5,0,0,0,0,0,1,0,0,0,0,0,0,0,10,0,0,0,0,0,0,0,0,0,0,0,0,0,0,0,0,0,0,0,0,0,0,0,0,0,0,0,0,0,0,0,0,0,6,0,0,0,0,2,1,0,0,0,0,0,0,0,0,0,0,0,0,0,0,0,0,0,0,0,0,0,0,0,0,24,0,0,0,0,0,0,0,0,0,0,0,0,2,0,0,0,0,0,0,0,0,0,0,0,0,0,0,0,0,0,0,0,0,0,0,0,0,0,0,0,0,6,0,0,0,0,0,0,0,0,0,0,0,0,0,0,0,0,0,0,0,0,92.1,358,1.185,109.1
Poly_oxy_propylene,12,11,19,29,5,5,7,4,3,0,0,0,0,0,1,0,6,1,0,0,1,0,0,0,0,0,0,0,0,0,0,0,0,0,0,1,2,0,0,0,0,0,0,1,0,0,1,0,6,0,0,0,0,0,0,0,0,0,0,0,0,0,0,0,0,0,0,0,0,0,0,0,0,0,0,0,0,0,0,0,0,6,0,0,0,1,0,0,0,0,1,0,0,0,0,0,0,0,0,0,0,0,0,0,1,2,0,0,0,0,0,0,0,0,2,0,0,0,0,0,0,6,0,0,0,0,0,6,0,0,0,0,0,0,0,0,0,0,0,0,0,0,0,0,16,0,0,0,0,0,0,0,0,0,0,0,0,0,0,0,6,0,0,0,0,0,0,0,0,0,0,0,0,0,0,0,0,1,0,0,0,0,0,0,0,0,0,58.08,198,1.915,111.23
Poly_oxytetramethylene,15,14,25,35,5,5,8,6,4,0,0,0,0,0,1,0,7,2,0,0,1,0,0,0,0,0,0,0,0,0,0,0,0,0,0,1,3,0,0,0,0,0,0,1,0,0,2,0,7,0,0,0,0,0,0,0,0,0,0,0,0,0,1,0,0,0,0,0,0,0,0,0,0,0,0,0,0,0,0,0,0,5,0,0,0,2,0,0,0,0,1,0,0,0,0,0,0,0,0,0,0,0,0,0,2,2,0,0,0,0,0,0,0,0,1,0,0,0,0,0,0,11,0,0,0,0,0,5,0,0,0,0,0,0,0,0,0,0,0,0,0,0,0,0,8,0,3,0,0,0,0,0,0,0,0,0,0,0,0,0,7,0,0,0,0,0,0,0,0,0,0,0,0,0,0,0,0,2,0,0,0,0,0,0,0,10,0,72.11,189,1.985,143.15
Poly_oxytrimethylene,12,11,19,24,5,5,8,5,3,0,0,0,0,0,1,0,5,2,0,0,1,0,0,0,0,0,0,0,0,0,0,0,0,0,0,1,2,0,0,0,0,0,0,1,0,0,2,0,5,0,0,0,0,0,0,0,0,0,0,0,0,0,1,0,0,0,0,0,0,0,0,0,0,0,0,0,0,0,0,0,0,4,0,0,0,2,0,0,0,0,1,0,0,0,0,0,0,0,0,0,0,0,0,0,1,2,0,0,0,0,0,0,0,0,1,0,0,0,0,0,0,7,0,0,0,0,0,5,0,0,0,0,0,0,0,0,0,0,0,0,0,0,0,0,4,0,0,0,0,0,0,0,0,0,0,0,0,0,0,0,7,0,0,0,0,0,0,0,0,0,0,0,0,0,0,0,0,2,0,0,0,0,0,0,0,6,0,58.08,195,1.373,79.73
Poly_diethyl_siloxane,18,17,31,39,5,6,9,3,4,0,0,0,0,0,1,0,11,0,0,0,1,0,0,0,0,0,0,1,0,0,0,0,2,0,0,1,2,0,0,0,0,0,0,0,1,0,0,0,10,0,0,0,0,1,0,0,0,0,0,0,0,0,0,4,1,0,2,0,0,0,2,0,0,0,0,0,0,0,0,2,0,8,1,1,0,0,0,0,0,0,0,0,0,0,0,0,0,0,0,0,0,0,0,0,0,0,0,0,0,0,0,0,0,0,0,0,0,0,0,0,0,10,0,0,0,0,0,0,0,0,0,0,0,0,0,0,0,0,0,6,0,0,0,0,0,0,0,0,0,0,0,0,0,0,0,0,0,0,0,0,0,21,0,0,0,0,0,0,0,0,0,0,0,0,0,0,0,0,0,0,0,0,0,0,0,12,0,102.21,135,1.6184,165.417
Poly_dimethyl_itaconate,23,22,38,49,6,7,11,8,5,2,0,0,2,2,0,0,6,6,0,0,0,0,0,0,0,0,0,0,0,0,0,0,0,0,0,0,2,2,0,0,0,0,0,0,0,0,6,0,6,2,2,0,0,0,2,0,0,0,0,0,0,0,6,0,0,0,0,0,0,0,0,0,0,2,0,3,0,0,0,0,0,4,0,0,6,0,0,0,0,0,0,0,0,0,0,0,0,0,0,0,0,0,0,0,1,0,0,0,0,0,0,0,2,2,0,0,0,0,0,2,0,7,3,0,0,0,0,0,0,0,0,0,0,0,0,0,0,0,0,0,0,0,0,0,0,0,0,0,0,0,0,6,0,0,6,0,0,5,0,8,0,0,0,0,0,0,0,0,0,0,0,11,2,0,0,0,0,0,0,0,0,6,0,0,0,5,0,158.16,377,1.3183,208.507
Poly_dimethyl_siloxane,12,11,19,21,5,5,7,1,2,0,0,0,0,0,1,0,7,0,0,0,1,0,0,0,0,0,0,1,0,0,0,0,2,0,0,1,0,0,0,0,0,0,0,0,1,0,0,0,6,0,0,0,0,1,0,0,0,0,0,0,0,0,0,6,1,0,2,0,0,0,2,0,0,0,0,0,0,0,0,0,0,6,1,1,0,0,0,0,0,0,0,0,0,0,0,0,0,0,0,0,0,0,0,0,0,0,0,0,0,0,0,0,0,0,0,0,0,0,0,0,0,0,0,0,0,0,0,0,0,0,0,0,0,0,0,0,0,0,0,0,0,0,0,0,0,0,0,0,0,0,0,0,0,0,0,0,0,0,0,0,0,21,0,0,0,0,0,0,0,0,0,0,0,0,0,0,0,0,0,0,0,0,0,0,0,0,0,74.15,146,1.591,118
Poly_4_hydroxybenzoic_acid,15,15,22,37,6,7,8,3,0,7,0,0,1,0,1,0,0,0,4,1,1,0,0,0,0,0,0,0,0,0,0,1,0,0,0,1,0,0,0,0,0,0,7,0,0,4,0,0,0,0,0,1,0,0,1,0,0,0,0,8,0,0,0,0,0,0,0,0,0,0,0,0,0,0,0,0,0,0,0,0,0,0,0,0,0,0,0,0,0,0,0,0,1,8,1,0,0,0,2,1,0,0,0,0,0,0,0,0,0,0,1,0,0,0,0,0,0,0,0,0,0,0,0,0,0,0,0,0,0,0,0,0,0,0,0,0,0,2,0,0,0,0,0,0,0,0,0,0,0,0,0,0,0,0,0,0,0,0,0,0,0,0,0,0,1,0,34,0,0,0,0,0,0,0,0,0,0,0,0,0,0,0,0,0,0,0,0,120.11,434,1.0207,122.6
PAS,47,50,80,140,5,5,8,4,0,24,0,0,2,2,0,0,0,0,18,0,0,0,0,0,0,0,1,0,0,2,0,0,0,0,2,0,0,0,0,0,0,0,24,0,0,18,0,0,0,4,0,0,0,0,0,0,0,1,2,36,0,0,0,0,0,0,0,0,1,0,0,0,4,0,0,0,0,0,0,0,0,0,0,0,0,0,0,0,0,0,0,0,0,24,0,0,0,0,0,0,0,0,8,4,0,0,0,0,0,0,0,0,0,0,0,0,0,0,0,0,0,0,0,0,0,0,0,0,0,0,0,0,0,0,0,0,0,0,0,0,0,8,0,0,0,0,0,0,0,0,0,0,0,12,0,0,0,0,0,0,0,0,0,0,0,0,24,0,0,0,0,0,0,0,96,0,0,0,0,0,0,0,0,0,0,0,0,140.16,492.6,1.009,141.4
